fcltNo,station_name,line,station_no,exit_no,detail_pos,start_floor_type,start_floor,end_floor_type,end_floor,status
1041999,동묘앞,1호선,127,내부,신설동 방면6-2,지하,B1,지상,4,M
1042000,동묘앞,1호선,127,내부,신설동 방면10-3,지하,B2,지하,B1,M
1042001,동묘앞,1호선,127,내부,신설동 방면4-3,지하,B2,지하,B1,M
1042002,동묘앞,1호선,127,내부,동대문(1) 방면7-3,지하,B2,지하,B1,M
1042003,동묘앞,1호선,127,내부,동대문(1) 방면1-2,지하,B2,지하,B1,M
1042004,동묘앞,1호선,127,"1,10","1,10번 출입구 사이",지하,B1,지상,1,M
1042005,동묘앞,1호선,127,3,3번 출입구,지하,B1,지상,1,M
1042124,동대문,1호선,128,6,6번 출입구,지하,B1,지상,1,M
1042125,동대문,1호선,128,내부,동묘앞 방면10-4,지하,B2,지하,B1,M
1042126,동대문,1호선,128,내부,종로5가 방면2-1,지하,B2,지하,B1,M
1042127,종로3가,1호선,130,내부,종로5가 방면5-1,지하,B2,지하,B1,M
1202779,종각,1호선,131,1,1번 출입구,지하,B1,지상,1,M
1804234,종로5가,1호선,129,내부,"8,9번 출입구 사이",지하,B1,지상,1,M
1790991,청량리,1호선,124,2,2번 출입구,지하,B1,지상,1,M
1042254,종각,1호선,131,3,3번 출입구,지하,B1,지상,1,M
1042255,종각,1호선,131,내부,종로3가 방면6-4,지하,B2,지하,B1,M
1042256,종각,1호선,131,내부,시청 방면4-4,지하,B2,지하,B1,M
1042258,종로5가,1호선,129,내부,동대문(1) 방면8-3,지하,B2,지하,B1,M
1042259,종로5가,1호선,129,내부,종로3가 방면3-2,지하,B2,지하,B1,M
1042260,제기동,1호선,125,1,1번 출입구,지하,B1,지상,1,M
1042261,제기동,1호선,125,내부,청량리 방면9-4,지하,B2,지하,B1,M
1042262,제기동,1호선,125,내부,신설동 방면2-1,지하,B2,지하,B1,M
1042263,청량리,1호선,124,6,6번 출입구,지하,B2,지상,1,S
1042279,시청,1호선,132,"1,2","1,2번 출입구 사이",지하,B1,지상,1,M
1137468,신설동,1호선,126,내부,제기동 방면3-4,지하,B2,지하,B1,M
1137469,신설동,1호선,126,내부,동묘앞 방면8-1,지하,B2,지하,B1,M
1137470,신설동,1호선,126,"4,5","4,5번 출입구 사이",지하,B1,지상,1,M
1137471,신설동,1호선,126,"2,3","2,3번 출입구 사이",지하,B1,지상,1,M
1140646,서울역,1호선,133,2,2번 출입구,지하,B1,지상,1,M
1042128,종로3가,1호선,130,내부,종각 방면6-4,지하,B2,지하,B1,M
1145284,서울역,1호선,133,내부,"시청 방면5-1,남영 방면6-4",지하,B2,지하,B1,M
1145587,종로3가,1호선,130,"12,13","12,13번 출입구 사이",지하,B1,지상,1,M
1145588,서울역,1호선,133,3,3번 출입구,지하,B1,지상,1,M
1042161,신설동,1호선,126,1,12번 출입구,지하,B1,지상,1,M
1042183,시청,1호선,132,내부,종각 방면3-2,지하,B2,지하,B1,M
1042184,시청,1호선,132,내부,서울역 방면8-3,지하,B2,지하,B1,M
1042188,서울역,1호선,133,4,4번 출입구,지하,B1,지상,1,M
1042206,서초,2호선,224,1,1번 출입구,지하,B1,지상,1,M
1138947,신도림,2호선,234,내부,"대림 방면4-4, 문래 방면7-4",지하,B2,지하,B1,M
1042207,낙성대,2호선,227,내부,사당 방면8-2,지하,B2,지하,B1,M
1042208,낙성대,2호선,227,내부,서울대입구 방면3-3,지하,B2,지하,B1,M
1042209,낙성대,2호선,227,6,6번 출입구,지하,B1,지상,1,M
1041816,선릉,2호선,220,1,1번 출입구,지하,B1,지상,1,M
1042210,봉천,2호선,229,내부,"서울대입구 방면6-3, 신림 방면5-1",지하,B2,지하,B1,M
1041817,선릉,2호선,220,5,5번 출입구,지하,B1,지상,1,M
1042211,봉천,2호선,229,4,4번 출입구,지하,B1,지상,1,M
1042212,신림,2호선,230,내부,"신대방 방면7-1, 봉천 방면4-4",지하,B2,지하,B1,M
1477422,아현,2호선,242,1,1번 출입구,지하,B1,지상,1,S
1042221,도림천,2호선,234-1,내부,신도림 방면4-4,지하,B3,지하,B2,M
1042222,도림천,2호선,234-1,"1,2",양천구청 방면2-4,지하,B3,지하,B1,M
1042223,잠실새내,2호선,217,7,7번 출입구,지하,B1,지상,1,M
1042224,잠실새내,2호선,217,내부,잠실방면7-3,지하,B2,지하,B1,M
1497817,신설동,2호선,211-4,내부,신설동 방면4-4,지하,B2,지하,B1,M
1042225,잠실새내,2호선,217,내부,종합운동장 방면4-1,지하,B2,지하,B1,M
1497818,종합운동장,2호선,218,내부,잠실새내 방면2-4,지하,B2,지하,B1,I
1042007,용두,2호선,211-3,3,3번 출입구,지하,B1,지상,1,M
1042228,종합운동장,2호선,218,내부,삼성 방면8-4,지하,B2,지하,B1,I
1497819,종합운동장,2호선,218,6,6번 출입구,지하,B1,지상,1,I
1042008,용두,2호선,211-3,4,4번 출입구,지하,B1,지상,1,M
1042229,방배,2호선,225,내부,서초 방면8-3,지하,B2,지하,B1,M
1042009,용두,2호선,211-3,내부,신설동 방면4-3,지하,B2,지하,B1,M
1042230,방배,2호선,225,내부,사당 방면3-1,지하,B2,지하,B1,M
1042010,용두,2호선,211-3,내부,신답 방면1-1,지하,B2,지하,B1,M
1042231,방배,2호선,225,3,3번 출입구,지하,B1,지상,1,M
1042042,시청,2호선,201,9,9번 출입구,지하,B1,지상,1,M
1042232,서울대입구,2호선,228,6,6번 출입구,지하,B1,지상,1,M
1042043,시청,2호선,201,내부,"충정로 방면6-2, 을지로입구 방면5-3",지하,B3,지하,B1,M
1042233,서울대입구,2호선,228,내부,"봉천 방면5-2, 낙성대 방면6-3",지하,B2,지하,B1,M
1042044,교대,2호선,223,5,5번 출입구,지하,B1,지상,1,S
1042234,신대방,2호선,231,내부,신림방면 3-4,지상,2,지상,3,M
1042046,사당,2호선,226,내부,방배 방면4-4,지하,B2,지하,B1,M
1042235,신대방,2호선,231,내부,구로디지털단지 방면8-1,지상,2,지상,3,M
1042047,사당,2호선,226,14,14번 출입구,지하,B1,지상,1,M
1042236,신대방,2호선,231,1,1번 출입구,지상,1,지상,2,M
1042237,문래,2호선,235,내부,신도림 방면7-4,지하,B2,지하,B1,M
1042049,동대문역사문화공원,2호선,205,1,1번 출입구,지하,B1,지상,1,M
1042238,문래,2호선,235,내부,영등포구청 방면4-1,지하,B2,지하,B1,M
1042239,당산,2호선,237,내부,영등포구청 방면8-3,지상,2,지상,3,M
1042068,홍대입구,2호선,239,8,8번 출입구,지하,B1,지상,1,M
1042051,성수,2호선,211,1,1번 출입구,지상,1,지상,2,M
1042240,당산,2호선,237,내부,합정 방면3-2,지상,2,지상,3,M
1042095,홍대입구,2호선,239,내부,"합정 방면7-2, 신촌 방면4-3",지하,B2,지하,B1,M
1042052,성수,2호선,211,4,4번 출입구,지상,1,지상,2,M
1042241,당산,2호선,237,4,4번 출입구,지상,1,지상,2,M
1042053,영등포구청,2호선,236,2,2번 출입구,지하,B1,지상,1,M
1042242,양천구청,2호선,234-2,내부,신정네거리 방면4-1,지하,B2,지하,B1,M
1042054,충정로,2호선,243,내부,"아현 방면2-1, 시청 방면9-4",지하,B3,지하,B2,M
1042243,양천구청,2호선,234-2,내부,도림천 방면3-3,지하,B2,지하,B1,M
1042244,양천구청,2호선,234-2,1,1번 출입구,지하,B1,지상,1,M
1042245,신정네거리,2호선,234-3,내부,까치산 방면4-1,지하,B3,지하,B2,M
1042246,신정네거리,2호선,234-3,내부,양천구청 방면3-4,지하,B3,지하,B2,M
1042247,신정네거리,2호선,234-3,"2,3",2번 출입구,지하,B2,지상,1,M
1042063,상왕십리,2호선,207,1-1,1-1번 출입구,지하,B1,지상,1,M
1042064,한양대,2호선,209,4,4번 출입구(육교) 측,지상,1,지상,2,M
1042065,뚝섬,2호선,210,3,3번 출입구,지상,1,지상,2,M
1145592,선릉,2호선,220,10,10번 출입구,지하,B1,지상,1,M
1042081,을지로4가,2호선,204,8,8번 출입구,지하,B1,지상,1,M
1145593,사당,2호선,226,6,6번 출입구,지하,B1,지상,1,M
1779317,이대,2호선,241,2,2번 출입구,지하,B1,지상,1,M
1042085,을지로입구,2호선,202,내부,을지로3가 방면6-2,지하,B2,지하,B1,M
1148126,서초,2호선,224,4,"3,4번 출입구",지하,B1,지상,1,M
1151664,합정,2호선,238,내부,홍대입구 방면7-3,지하,B2,지하,B1,M
1784235,당산,2호선,237,3,3번 출입구,지상,1,지상,2,M
1784305,구로디지털단지,2호선,232,"2,3","2,3번 출입구 사이",지상,1,지상,2,M
1784306,영등포구청,2호선,236,5,5번 출입구,지하,B1,지상,1,M
1153328,서울대입구,2호선,228,2,2번 출입구,지하,B1,지상,1,M
1153329,성수,2호선,211,내부,뚝섬 방면7-1,지상,2,지상,3,M
1153330,성수,2호선,211,내부,건대입구 방면4-4,지상,2,지상,3,M
1202753,삼성,2호선,219,6,6번 출입구,지하,B1,지상,1,M
1202776,잠실,2호선,216,내부,1번 출입구,지하,B1,지상,1,M
1794530,용답,2호선,211-1,내부,신답방면2-2,지상,2,지상,3,M
1202777,신림,2호선,230,1,1번 출입구,지하,B1,지상,1,M
1794531,용답,2호선,211-1,내부,성수방면3-3,지상,2,지상,3,M
1203544,을지로입구,2호선,202,1,1번 출입구,지하,B1,지상,1,S
1828214,신설동,2호선,211-4,9번 출입구,9번 출입구,지하,B2,지상,1,M
1042066,구의,2호선,213,내부,강변 방면4-3,지상,2,지상,3,M
1042067,구의,2호선,213,2,2번 출입구,지상,1,지상,3,M
1042069,신촌,2호선,240,4,4번 출입구,지하,B1,지상,1,M
1042070,이대,2호선,241,6,6번 출입구,지하,B1,지상,1,M
1042071,이대,2호선,241,내부,"신촌 방면2-2, 아현 방면9-3",지하,B2,지하,B1,M
1042072,아현,2호선,242,3,3번 출입구,지하,B1,지상,1,M
1042086,을지로입구,2호선,202,내부,시청 방면5-3,지하,B2,지하,B1,M
1042087,상왕십리,2호선,207,내부,신당 방면8-1,지하,B2,지하,B1,M
1042088,상왕십리,2호선,207,내부,왕십리 방면3-4,지하,B2,지하,B1,M
1042090,한양대,2호선,209,내부,왕십리 방면3-3,지상,1,지상,2,M
1042091,뚝섬,2호선,210,내부,한양대 방면7-1,지상,2,지상,3,M
1042092,뚝섬,2호선,210,내부,성수 방면7-1,지상,2,지상,3,M
1042093,강변,2호선,214,내부,구의 방면4-2,지상,1,지상,2,M
1042094,강변,2호선,214,내부,잠실나루 방면7-3,지상,1,지상,2,M
1042096,신촌,2호선,240,내부,홍대입구 방면6-4,지하,B2,지하,B1,M
1042097,신촌,2호선,240,내부,이대 방면4-4,지하,B2,지하,B1,M
1042098,아현,2호선,242,내부,이대 방면7-2,지하,B2,지하,B1,M
1042099,아현,2호선,242,내부,충정로 방면4-3,지하,B2,지하,B1,M
1042101,신답,2호선,211-2,내부,용두 방면2-4,지상,1,지상,2,M
1498878,신촌,2호선,240,6,6번 출입구,지하,B1,지상,1,M
1499975,뚝섬,2호선,210,6,6번 출입구,지상,1,지상,2,M
1500049,문래,2호선,235,1,1번 출입구,지하,B1,지상,1,M
1125820,신당,2호선,206,2,2번 출입구,지하,B1,지상,1,M
1125822,왕십리,2호선,208,내부,상왕십리 방면3-2,지하,B2,지하,B1,M
1126159,대림,2호선,233,내부,신도림 방면8-3,지상,2,지상,3,M
1126164,대림,2호선,233,7,7번 출입구,지상,1,지상,2,M
1126165,대림,2호선,233,4,4번 출입구,지상,1,지상,2,M
1134807,건대입구,2호선,212,6,6번 출입구,지상,1,지상,3,M
1135782,신설동,2호선,211-4,9,9번 출입구,지하,B1,지상,1,M
1138946,신도림,2호선,234,1,1번 출입구,지하,B1,지상,2,M
1145542,신도림,2호선,234,내부,대림 방면3-2,지하,B2,지하,B1,M
1138948,신도림,2호선,234,2,3번 출입구,지하,B1,지상,1,M
1138949,신림,2호선,230,5,5번 출입구,지하,B1,지상,1,M
1141462,왕십리,2호선,208,내부,한양대 방면3-4,지하,B3,지하,B2,M
1042129,을지로4가,2호선,204,내부,을지로3가 방면3-2,지하,B2,지하,B1,M
1042130,을지로4가,2호선,204,내부,동대문역사문화공원 방면8-3,지하,B2,지하,B1,M
1141619,잠실새내,2호선,217,2,2번 출입구,지하,B1,지상,1,M
1042131,충정로,2호선,243,5,5번 출입구,지하,B2,지상,1,M
1145279,대림,2호선,233,내부,구로디지털단지 방면3-2,지상,2,지상,3,M
1145280,문래,2호선,235,5,5번 출입구,지하,B1,지상,1,M
1042138,영등포구청,2호선,236,내부,문래 방면8-4,지하,B2,지하,B1,M
1042139,영등포구청,2호선,236,내부,당산 방면3-1,지하,B2,지하,B1,M
1145297,합정,2호선,238,내부,당산 방면4-1,지하,B2,지하,B1,M
1145541,삼성,2호선,219,4,4번 출입구,지하,B1,지상,1,M
1042141,교대,2호선,223,내부,강남 방면8-4,지하,B2,지하,B1,M
1145543,건대입구,2호선,212,내부,성수 방면5-4,지상,2,지상,3,M
1042142,교대,2호선,223,내부,서초 방면3-1,지하,B2,지하,B1,M
1145589,을지로입구,2호선,202,5,"5,6번 출입구 사이",지하,B1,지상,1,M
1042145,잠실나루,2호선,215,내부,강변 방면3-4,지상,1,지상,2,M
1145590,합정,2호선,238,4,"1,2번 출입구 사이",지하,B1,지상,1,M
1042146,잠실나루,2호선,215,내부,잠실 방면8-1,지상,1,지상,2,M
1145591,신답,2호선,211-2,내부,용답 방면3-2,지상,1,지상,2,M
1042147,구로디지털단지,2호선,232,6,6번 출입구,지상,2,지상,3,M
1042148,구로디지털단지,2호선,232,1,신대방 방면3-4,지상,1,지상,2,M
1042149,구로디지털단지,2호선,232,내부,대림 방면7-4,지상,2,지상,3,M
1042163,을지로3가,2호선,203,내부,을지로입구 방면8-3,지하,B2,지하,B1,M
1042164,을지로3가,2호선,203,내부,을지로4가 방면3-2,지하,B2,지하,B1,M
1042167,신당,2호선,206,내부,동대문역사문화공원 방면3-4,지하,B2,지하,B1,M
1042168,신당,2호선,206,내부,상왕십리 방면7-4,지하,B2,지하,B1,M
1042169,합정,2호선,238,1,"3,4번 출입구 사이",지하,B1,지상,1,M
1042170,동대문역사문화공원,2호선,205,내부,을지로4가 방면8-3,지하,B2,지하,B1,M
1042171,동대문역사문화공원,2호선,205,내부,신당 방면3-2,지하,B2,지하,B1,M
1042185,잠실,2호선,216,6,6번 출입구,지하,B1,지상,1,M
1042186,잠실,2호선,216,내부,잠실나루 방면5-2,지하,B2,지하,B1,M
1042187,잠실,2호선,216,내부,잠실새내 방면6-3,지하,B2,지하,B1,M
1042193,삼성,2호선,219,1,1번 출입구,지하,B1,지상,1,M
1042194,삼성,2호선,219,8,8번 출입구,지하,B1,지상,1,M
1042195,삼성,2호선,219,내부,"종합운동장 방면3-1, 선릉 방면8-4",지하,B2,지하,B1,M
1042196,역삼,2호선,221,내부,선릉 방면7-3,지하,B3,지하,B2,M
1042197,역삼,2호선,221,내부,강남 방면4-1,지하,B3,지하,B2,M
1042198,역삼,2호선,221,3,3번 출입구,지하,B2,지상,1,M
1042199,역삼,2호선,221,4,4번 출입구,지하,B2,지상,1,M
1042200,강남,2호선,222,내부,역삼 방면8-1,지하,B2,지하,B1,M
1042201,강남,2호선,222,내부,교대 방면3-4,지하,B2,지하,B1,M
1042202,강남,2호선,222,1,1번 출입구,지하,B1,지상,1,M
1042203,강남,2호선,222,10,10번 출입구,지하,B1,지상,1,M
1042204,서초,2호선,224,내부,교대 방면2-4,지하,B2,지하,B1,M
1042205,서초,2호선,224,내부,방배 방면9-1,지하,B2,지하,B1,M
1042266,구파발,3호선,320,1,1번 출입구,지하,B1,지상,1,M
1041920,양재,3호선,342,11,11번 출입구,지하,B1,지상,1,M
1041933,학여울,3호선,346,1,1번 출입구,지하,B4,지상,1,M
1042216,신사,3호선,337,내부,압구정 방면3-1,지하,B2,지하,B1,M
1042217,신사,3호선,337,내부,잠원 방면8-3,지하,B2,지하,B1,M
1042218,신사,3호선,337,1,1번 출입구,지하,B1,지상,1,M
1042219,대치,3호선,345,내부,"도곡 방면1-1, 학여울 방면10-4",지하,B3,지하,B1,M
1042220,대치,3호선,345,7,7번 출입구,지하,B1,지상,1,M
1485846,녹번,3호선,323,1,1번 출입구,지하,B1,지상,1,M
1497820,압구정,3호선,336,내부,옥수 방면8-2,지하,B2,지하,B1,M
1497821,압구정,3호선,336,내부,신사 방면3-2,지하,B2,지하,B1,M
1781638,금호,3호선,334,3,3번 출입구 측,지하,B1,지상,1,M
1042055,수서,3호선,349,1,1번 출입구,지하,B1,지상,1,M
1042248,대청,3호선,347,8,8번 출입구,지하,B2,지상,1,M
1042249,대청,3호선,347,내부,학여울 방면4-4,지하,B3,지하,B2,M
1042250,대청,3호선,347,내부,일원 방면7-1,지하,B3,지하,B2,M
1042252,일원,3호선,348,내부,대청 방면6-3,지하,B3,지하,B2,M
1042253,일원,3호선,348,내부,수서 방면5-2,지하,B3,지하,B2,M
1145594,신사,3호선,337,8,8번 출입구,지하,B1,지상,1,M
1145595,홍제,3호선,324,1,1번 출입구,지하,B1,지상,1,M
1042107,금호,3호선,334,내부,"약수 방면3-2, 옥수 방면8-3",지하,B2,지하,B1,M
1151665,옥수,3호선,335,"4,5","5,6번 출입구",지상,1,지상,2,M
1784307,교대,3호선,340,13,13번 출입구,지하,B1,지상,1,M
1153331,압구정,3호선,336,3,3번 출입구,지하,B1,지상,1,M
1153332,옥수,3호선,335,내부,금호 방면10-1,지상,2,지상,3,M
1153333,옥수,3호선,335,내부,압구정 방면1-2,지상,2,지상,3,M
1042123,안국,3호선,328,내부,"경복궁 방면3-2, 종로3가 방면8-3",지하,B3,지하,B2,I
1798408,불광,3호선,322,3,3번 출입구,지하,B1,지상,1,M
1798409,동대입구,3호선,332,2,2번 출입구,지하,B2,지상,1,M
1202754,양재,3호선,342,4,4번 출입구,지하,B1,지상,1,M
1202755,양재,3호선,342,내부,남부터미널 방면3-1,지하,B2,지하,B1,M
1798231,양재,3호선,342,1,1번 출입구,지하,B1,지상,1,M
1203064,수서,3호선,349,5,5번 출입구,지하,B1,지상,1,M
1204638,교대,3호선,340,내부,"고속터미널 방면4-2, 남부터미널 방면7-3",지하,B3,지하,B1,M
1204639,양재,3호선,342,내부,매봉 방면8-4,지하,B2,지하,B1,M
1204892,일원,3호선,348,1,1번 출입구,지하,B2,지상,1,M
1204893,일원,3호선,348,1,1번 출입구,지하,B2,지상,1,M
1042073,녹번,3호선,323,3,3번 출입구,지하,B1,지상,1,M
1042074,홍제,3호선,324,4,4번 출입구,지하,B2,지상,1,M
1042075,무악재,3호선,325,1,1번 출입구,지하,B2,지상,1,M
1042076,경복궁,3호선,327,4,4번 출입구,지하,B2,지상,1,I
1042077,금호,3호선,334,2,2번 출입구,지하,B1,지상,1,M
1042102,녹번,3호선,323,내부,"불광 방면3-1, 홍제 방면8-4",지하,B2,지하,B1,M
1042103,홍제,3호선,324,내부,"녹번 방면3-4, 무악재 방면8-1",지하,B3,지하,B2,M
1042104,무악재,3호선,325,내부,홍제 방면3-3,지하,B3,지하,B2,M
1042105,무악재,3호선,325,내부,독립문 방면8-2,지하,B3,지하,B2,M
1042106,경복궁,3호선,327,내부,"독립문 방면6-2, 안국 방면5-3",지하,B3,지하,B2,I
1497822,경찰병원,3호선,351,3,3번 출입구,지하,B1,지상,1,M
1498875,종로3가,3호선,329,8,8번 출입구,지하,B1,지상,1,M
1498876,종로3가,3호선,329,내부,"안국 방면4-3, 을지로3가 방면7-1",지하,B4,지하,B2,M
1498877,동대입구,3호선,332,내부,"대합실(F계단 측, 3~5번 출입구 방향)",지하,B2,지하,B1,M
1042265,구파발,3호선,320,내부,"지축 방면5-3, 연신내 방면6-2",지하,B2,지하,B1,M
1042267,독립문,3호선,326,내부,"무악재 방면9-1, 경복궁 방면2-4",지하,B3,지하,B2,M
1042268,독립문,3호선,326,4,4번 출입구,지하,B2,지상,1,M
1567031,압구정,3호선,336,2,2번 출입구,지하,B1,지상,1,M
1042269,안국,3호선,328,6,6번 출입구,지하,B2,지상,1,I
1126391,가락시장,3호선,350,내부,수서 방면8-2,지하,B4,지하,B2,M
1126392,가락시장,3호선,350,내부,경찰병원 방면3-2,지하,B4,지하,B2,M
1126393,가락시장,3호선,350,7,7번 출입구,지하,B2,지상,1,M
1126534,경찰병원,3호선,351,1,1번 출입구,지하,B1,지상,1,M
1126536,경찰병원,3호선,351,내부,가락시장 방면4-2,지하,B3,지하,B1,M
1126537,경찰병원,3호선,351,내부,오금 방면 7-3,지하,B3,지하,B1,M
1126671,오금,3호선,352,1,1번 출입구,지하,B1,지상,1,M
1126672,오금,3호선,352,내부,경찰병원 방면5-1,지하,B4,지하,B1,M
1126673,오금,3호선,352,내부,오금 방면6-4,지하,B4,지하,B1,M
1133313,지축,3호선,319,내부,"삼송 방면9-3, 구파발 방면2-2",지상,1,지상,2,M
1042132,동대입구,3호선,332,6,6번 출입구,지하,B2,지상,1,M
1042133,동대입구,3호선,332,내부,"충무로 방면3-1, 약수 방면8-4",지하,B3,지하,B2,M
1145281,불광,3호선,322,1,1번 출입구,지하,B1,지상,1,M
1145285,약수,3호선,333,3,3번 출입구,지하,B1,지상,1,M
1042143,수서,3호선,349,내부,가락시장 방면3-2,지하,B2,지하,B1,M
1042144,수서,3호선,349,내부,일원 방면8-3,지하,B2,지하,B1,M
1042150,잠원,3호선,338,1,1번 출입구,지하,B1,지상,1,I
1042151,잠원,3호선,338,내부,신사 방면3-3,지하,B2,지하,B1,I
1042152,잠원,3호선,338,내부,고속터미널 방면8-2,지하,B2,지하,B1,I
1042153,매봉,3호선,343,내부,양재 방면5-4,지하,B2,지하,B1,M
1042154,매봉,3호선,343,내부,도곡 방면6-1,지하,B2,지하,B1,M
1042155,매봉,3호선,343,1,1번 출입구,지하,B1,지상,1,M
1042156,학여울,3호선,346,내부,대치 방면5-4,지하,B5,지하,B4,M
1042157,학여울,3호선,346,내부,대청 방면6-1,지하,B5,지하,B4,M
1042165,을지로3가,3호선,330,내부,"종로3가 방면6-3, 충무로 방면5-2",지하,B3,지하,B1,M
1042166,을지로3가,3호선,330,10,10번 출입구,지하,B1,지상,1,M
1042172,불광,3호선,322,내부,연신내 방면3-3,지하,B2,지하,B1,M
1042173,불광,3호선,322,내부,녹번 방면8-2,지하,B2,지하,B1,M
1042177,약수,3호선,333,내부,"동대입구 방면8-4, 금호 방면3-1",지하,B2,지하,B1,M
1042178,연신내,3호선,321,내부,"구파발 방면6-1, 불광 방면5-4",지하,B2,지하,B1,M
1042179,고속터미널,3호선,339,내부,잠원 방면8-2,지하,B3,지하,B2,M
1042180,고속터미널,3호선,339,내부,교대 방면3-3,지하,B3,지하,B2,M
1042190,남부터미널,3호선,341,내부,교대 방면3-2,지하,B3,지하,B2,M
1042191,남부터미널,3호선,341,내부,양재 방면8-2,지하,B3,지하,B2,M
1042192,남부터미널,3호선,341,5,5번 출입구,지하,B2,지상,1,M
1041991,혜화,4호선,420,2,2번 출입구,지하,B1,지상,1,M
1041992,혜화,4호선,420,3,3번 출입구,지하,B1,지상,1,M
1042048,사당,4호선,433,내부,"총신대입구 방면9-2,남태령 방면2-3",지하,B3,지하,B1,M
1042050,동대문역사문화공원,4호선,422,내부,"동대문 방면4-4,혜화 방면6-1",지하,B3,지하,B1,M
1042057,노원,4호선,411,2,2번 출입구,지상,1,지상,2,M
1042059,창동,4호선,412,1,1번 출입구,지상,1,지상,2,M
1042060,창동,4호선,412,2,2번 출입구,지상,1,지상,2,M
1042078,길음,4호선,417,5,5번 출입구,지하,B1,지상,1,M
1042079,성신여대입구,4호선,418,3,2번 출입구,지하,B1,지상,1,M
1042080,한성대입구,4호선,419,"3,4","3,4번 출입구 사이",지하,B1,지상,1,M
1042082,남태령,4호선,434,2,2번 출입구,지하,B1,지상,1,M
1042083,남태령,4호선,434,1,1번 출입구,지하,B2,지하,B1,M
1042084,남태령,4호선,434,내부,"사당 방면3-3,선바위 방면8-2",지하,B3,지하,B2,M
1145596,한성대입구,4호선,419,5,5번 출입구,지하,B1,지상,1,M
1779318,충무로,4호선,423,내부,"을지로3가 방면7-4,동대입구 방면4-1",지하,B4,지하,B2,M
1042108,불암산,4호선,409,내부,상계 방면5-4,지상,2,지상,3,M
1042109,불암산,4호선,409,1,1번 출입구,지상,1,지상,2,M
1151666,서울역,4호선,426,12,12번 출입구,지하,B1,지상,1,I
1042110,불암산,4호선,409,내부,별내별가람 방면6-1,지상,2,지상,3,M
1151667,삼각지,4호선,428,내부,숙대입구 방면4-3,지하,B2,지하,B1,M
1784236,동대문역사문화공원,4호선,422,4,4번 출입구,지하,B1,지상,1,M
1042113,상계,4호선,410,"1,2","대합실(1,2번 출입구 사이)",지상,1,지상,2,M
1151668,삼각지,4호선,428,내부,신용산 방면7-2,지하,B2,지하,B1,M
1784303,명동,4호선,424,내부,"충무로 방면1-1,회현 방면10-4",지하,B4,지하,B1,M
1042114,미아사거리,4호선,416,내부,미아 방면3-1,지하,B2,지하,B1,M
1151669,총신대입구,4호선,432,14,14번 출입구,지하,B1,지상,1,M
1784304,이촌,4호선,430,1,환승통로(서빙고 방면1-4),지하,B1,지상,1,M
1042115,미아사거리,4호선,416,내부,길음 방면8-3,지하,B2,지하,B1,M
1151670,총신대입구,4호선,432,내부,동작 방면7-3,지하,B2,지하,B1,M
1042116,길음,4호선,417,내부,"미아사거리 방면6-1,성신여대입구 방면5-4",지하,B2,지하,B1,M
1151671,총신대입구,4호선,432,내부,사당(4) 방면8-3,지하,B2,지하,B1,M
1042117,성신여대입구,4호선,418,내부,길음 방면8-2,지하,B2,지하,B1,M
1042118,성신여대입구,4호선,418,내부,한성대입구 방면3-4,지하,B2,지하,B1,M
1798263,노원,4호선,411,9,9번 출입구,지상,1,지상,3,M
1042119,한성대입구,4호선,419,내부,"성신여대입구 방면6-1,길음 방면5-4",지하,B2,지하,B1,M
1042120,회현,4호선,425,내부,"서울역 방면1-4,명동 방면10-1",지하,B4,지하,B1,M
1042121,신용산,4호선,429,내부,삼각지 방면8-2,지하,B1,지하,B2,M
1042122,신용산,4호선,429,내부,이촌 방면3-2,지하,B1,지하,B2,M
1153334,명동,4호선,424,1,1번 출입구,지하,B1,지상,1,M
1156479,성신여대입구,4호선,418,2,3번 출입구,지하,B1,지상,1,M
1156480,이촌,4호선,430,1,1번 출입구,지하,B1,지상,1,M
1798410,창동,4호선,412,내부,쌍문 방면6-1,지상,1,지상,3,M
1798411,창동,4호선,412,내부,쌍문 방면6-1,지상,1,지상,3,M
1202756,혜화,4호선,420,내부,한성대입구 방면7-4,지하,B2,지하,B1,M
1202757,혜화,4호선,420,내부,동대문(4) 방면3-4,지하,B2,지하,B1,M
1202858,신용산,4호선,429,1,1번 출입구,지하,B2,지상,1,M
1203545,회현,4호선,425,1,"3,4,5번 출입구 중심",지하,B1,지상,1,M
1204894,신용산,4호선,429,4,4번 출입구,지하,B1,지상,1,M
1498879,창동,4호선,412,내부,노원 방면2-4,지상,2,지상,3,M
1498880,창동,4호선,412,내부,노원 방면8-3,지상,2,지상,3,M
1498881,창동,4호선,412,내부,쌍문 방면3-2,지상,2,지상,3,M
1498882,창동,4호선,412,내부,쌍문 방면8-4,지상,2,지상,3,M
1566969,삼각지,4호선,428,3,3번 출입구,지하,B1,지상,1,M
1042270,쌍문,4호선,413,내부,창동 방면8-2,지하,B2,지하,B1,M
1042271,쌍문,4호선,413,내부,수유 방면3-4,지하,B2,지하,B1,M
1042272,쌍문,4호선,413,1,1번 출입구,지하,B1,지상,1,M
1042273,수유,4호선,414,내부,쌍문 방면7-1,지하,B2,지하,B1,M
1042274,수유,4호선,414,내부,미아 방면4-4,지하,B2,지하,B1,M
1042275,수유,4호선,414,"1,2","1,2번 출입구 사이",지하,B1,지상,1,M
1042276,숙대입구,4호선,427,내부,서울역(4) 방면8-1,지하,B2,지하,B1,M
1042277,숙대입구,4호선,427,내부,삼각지 방면3-3,지하,B2,지하,B1,M
1042278,숙대입구,4호선,427,10,10번 출입구,지하,B1,지상,1,M
1125821,동대문,4호선,421,9,9번 출입구,지하,B1,지상,1,M
1125823,노원,4호선,411,내부,상계 방면8-4,지상,2,지상,3,M
1128055,동작,4호선,431,내부,총신대입구 방면4-4,지상,1,지상,3,M
1135569,길음,4호선,417,4,4번 출입구,지하,B1,지상,1,M
1141465,이촌,4호선,430,2,2번 출입구,지하,B1,지상,1,M
1042134,미아,4호선,415,내부,수유 방면8-2,지하,B2,지하,B1,M
1145282,삼각지,4호선,428,"1,2","1,2번 출입구",지하,B1,지상,1,M
1042135,미아,4호선,415,내부,미아사거리 방면3-4,지하,B2,지하,B1,M
1145283,삼각지,4호선,428,"5,6","5,6번 출입구",지하,B1,지상,1,M
1042136,미아,4호선,415,"1,2","1,2번 출입구 사이",지하,B1,지상,1,M
1042137,동대문,4호선,421,내부,"혜화 방면6-3,동대문역사문화공원 방면5-2",지하,B4,지하,B1,M
1145286,총신대입구,4호선,432,1,1번 출입구,지하,B1,지상,1,M
1042140,사당,4호선,433,"9,10","9,10번 출입구 사이",지하,B1,지상,1,M
1042158,동작,4호선,431,내부,이촌 방면7-4,지상,2,지상,3,M
1042174,충무로,4호선,423,내부,동대문역사문화공원 방면8-1,지하,B3,지하,B1,M
1042175,충무로,4호선,423,내부,명동 방면3-3,지하,B3,지하,B1,M
1042176,충무로,4호선,423,7,7번 출입구,지하,B1,지상,1,M
1042181,이촌,4호선,430,내부,신용산 방면8-1,지하,B2,지하,B1,M
1042182,이촌,4호선,430,내부,동작 방면3-3,지하,B2,지하,B1,M
1042189,서울역,4호선,426,내부,"회현 방면9-1,숙대입구 방면2-4",지하,B2,지하,B1,I
1310667,답십리,5호선,542,내부,마장 방면4-4,지하,B2,지하,B3,M
1310668,답십리,5호선,542,내부,장한평 방면5-1,지하,B2,지하,B3,M
1310546,공덕,5호선,529,내부,환승통로(애오개 방면8-4 마포 방면1-1),지하,B3,지하,B1,M
1310547,공덕,5호선,529,2,2번 출입구,지하,B1,지상,1,M
1310684,군자,5호선,544,내부,"장한평 방면5-3, 아차산 방면4-1",지하,B3,지하,B1,M
1310669,답십리,5호선,542,2,2번 출입구,지하,B2,지상,1,M
1310670,답십리,5호선,542,6,6번 출입구,지하,B2,지상,1,M
1310676,장한평,5호선,543,내부,"답십리 방면4-2, 군자 방면5-2",지하,B2,지하,B3,M
1310677,장한평,5호선,543,"7,8","7,8번 출입구 사이",지하,B2,지상,1,M
1310678,장한평,5호선,543,1,1번 출입구,지하,B2,지상,1,M
1310685,군자,5호선,544,내부,"장한평 방면4-3, 아차산 방면5-1",지하,B3,지하,B1,M
1310686,군자,5호선,544,4,4번 출입구,지하,B1,지상,1,M
1310691,아차산,5호선,545,내부,군자 방면6-1,지하,B3,지하,B1,M
1310692,아차산,5호선,545,내부,광나루 방면3-4,지하,B3,지하,B1,M
1310693,아차산,5호선,545,4,3번 출입구,지하,B1,지상,1,M
1310702,광나루,5호선,546,내부,아차산 방면5-1,지하,B2,지하,B3,M
1310703,광나루,5호선,546,내부,천호 방면4-4,지하,B2,지하,B3,M
1781124,상일동,5호선,553,5,"5,6번 출입구 사이",지하,B1,지상,1,M
1310704,광나루,5호선,546,1,1번 출입구,지하,B2,지상,1,M
1781125,상일동,5호선,553,8,"7,8번 출입구 사이",지하,B1,지상,1,M
1310705,광나루,5호선,546,3,3번 출입구,지하,B1,지상,1,M
1310711,천호,5호선,547,"6,7","6,7번 출입구 사이",지하,BM1,지상,1,M
1310712,천호,5호선,547,내부,대합실,지하,B1,지하,B3,M
1781130,영등포구청,5호선,523,내부,영등포시장 방면1-1,지하,B4,지하,B5,M
1310713,천호,5호선,547,내부,광나루 방면6-1,지하,B2,지하,B3,M
1781131,마곡,5호선,514,3,3번 출입구,지하,B1,지상,1,M
1310714,천호,5호선,547,내부,강동 방면4-1,지하,B2,지하,B3,M
1781132,마곡,5호선,514,"4,5","4,5번 출입구 사이",지하,B1,지상,1,M
1310729,강동,5호선,548,내부,둔촌동 방면8-3,지하,B3,지하,B4,M
1310730,강동,5호선,548,1,1번 출입구,지하,B3,지상,1,M
1310743,길동,5호선,549,내부,강동 방면5-1,지하,B2,지하,B3,M
1310744,길동,5호선,549,내부,굽은다리 방면4-4,지하,B2,지하,B3,M
1310408,화곡,5호선,517,내부,"까치산 방면4-3,우장산 방면7-2",지하,B1,지하,B2,M
1310745,길동,5호선,549,내부,대합실(1번 출입구 세븐일레븐 옆),지하,B1,지하,BM2,M
1310409,화곡,5호선,517,2,2번 출입구,지하,B1,지상,1,M
1310749,둔촌동,5호선,P549,내부,강동 방면5-1,지하,B1,지하,B2,M
1310460,양평,5호선,522,내부,오목교 방면3-2,지하,B1,지하,B5,M
1310750,둔촌동,5호선,P549,내부,올림픽공원 방면5-1,지하,B1,지하,B2,M
1310461,양평,5호선,522,내부,영등포구청 방면6-3,지하,B4,지하,B5,M
1310751,둔촌동,5호선,P549,"3,4","3,4번 출입구 사이",지하,B1,지상,1,M
1310462,양평,5호선,522,2,2번 출입구,지하,B1,지상,1,M
1310756,굽은다리,5호선,550,내부,길동 방면6-3,지하,B1,지하,B2,M
1310757,굽은다리,5호선,550,내부,"명일 방면3-2, 3-3 사이",지하,B1,지하,B2,M
1310758,굽은다리,5호선,550,2,2번 출입구,지하,B1,지상,1,M
1310763,올림픽공원,5호선,P550,내부,둔촌동 방면3-2,지하,B2,지하,B3,M
1310764,올림픽공원,5호선,P550,내부,방이 방면6-3,지하,B2,지하,B3,M
1310765,올림픽공원,5호선,P550,2,2번 출입구,지하,B2,지상,1,M
1774163,강일,5호선,554,2,2번 출입구,지하,B2,지상,1,M
1310770,명일,5호선,551,내부,굽은다리 방면5-2,지하,B1,지하,B2,M
1310771,명일,5호선,551,내부,"고덕 방면4-3, 4-4 사이",지하,B1,지하,B2,M
1310772,명일,5호선,551,3,"3,4번 출입구 사이",지하,B1,지상,1,M
1310775,방이,5호선,P551,내부,올림픽공원 방면4-4,지하,B1,지하,B2,M
1775606,마천,5호선,P555,내부,거여 방면4-3,지하,B1,지하,B4,M
1310776,방이,5호선,P551,내부,오금 방면5-1,지하,B1,지하,B2,M
1310777,방이,5호선,P551,3,3번 출입구,지하,B1,지상,1,M
1310778,방이,5호선,P551,1,1번 출입구,지하,B1,지상,1,M
1310781,고덕,5호선,552,내부,명일 방면4-1,지하,B1,지하,B2,M
1781139,까치산,5호선,518,2,고객안전실 측,지하,B1,지상,1,M
1310782,고덕,5호선,552,내부,상일동 방면6-1,지하,B1,지하,B2,M
1310783,고덕,5호선,552,2,2번 출입구(역사 화장실 앞),지하,B1,지상,1,M
1310784,고덕,5호선,552,"4,5","4,5번 출입구 사이",지하,B1,지상,1,M
1310791,오금,5호선,P552,내부,방이 방면4-4,지하,B1,지하,B2,M
1310792,오금,5호선,P552,내부,개롱 방면5-1,지하,B1,지하,B2,M
1310793,오금,5호선,P552,내부,환승통로(방이 방면8-4),지하,B2,지하,B3,M
1310794,오금,5호선,P552,내부,환승통로(개롱 방면1-1),지하,B2,지하,B3,M
1310795,오금,5호선,P552,5,5번 출입구,지하,B1,지상,1,M
1310808,개롱,5호선,P553,내부,오금 방면5-1,지하,B1,지하,B2,M
1310809,개롱,5호선,P553,내부,거여 방면4-4,지하,B1,지하,B2,M
1310810,개롱,5호선,P553,"3,4","3,4번 출입구 사이",지하,B1,지상,1,M
1310813,거여,5호선,P554,내부,개롱 방면6-2,지하,B1,지하,B2,M
1310814,거여,5호선,P554,내부,마천 방면3-2,지하,B1,지하,B2,M
1811873,마천,5호선,P555,1,1번 출입구,지상,1,지하,B1,M
1310815,거여,5호선,P554,2,2번 출입구,지하,B1,지상,1,M
1310818,마천,5호선,P555,내부,마천 방면5-2,지하,B4,지하,B2,M
1804616,강동,5호선,548,천호 방면1-2,천호 방면1-2,지하,B4,지하,B3,M
1310365,방화,5호선,510,내부,방화 방면4-1,지하,B1,지하,B2,M
1310366,방화,5호선,510,내부,개화산 방면5-4,지하,B1,지하,B2,M
1821983,남구로,5호선,745,내부,가산디지털단지방면 8-2,지하,B2,지하,B5,M
1310367,방화,5호선,510,2,2번 출입구,지하,B1,지상,1,M
1821985,남구로,5호선,745,내부,대림방면 1-4,지하,B2,지하,B5,M
1310368,개화산,5호선,511,1,1번 출입구(대합실 내),지하,B2,지상,1,M
1821987,남구로,5호선,745,외부,1번 출입구,지하,B1,지상,1,M
1310369,개화산,5호선,511,2,2번 출입구(대합실 내),지하,B2,지상,1,M
1310370,김포공항,5호선,512,내부,개화산 방면6-3,지하,B2,지하,B3,M
1310371,김포공항,5호선,512,내부,송정 방면3-1,지하,B2,지하,B3,M
1310380,송정,5호선,513,내부,김포공항 방면5-1,지하,B2,지하,B3,M
1310381,송정,5호선,513,내부,마곡 방면5-1,지하,B2,지하,B3,M
1821650,상일동,5호선,553,내부,고덕방면 6-1,지하,B1,지하,B2,M
1310382,송정,5호선,513,2,2번 출입구,지하,B2,지상,1,M
1821651,상일동,5호선,553,내부,강일 방면3-4,지하,B1,지하,B2,M
1310383,송정,5호선,513,3,3번 출입구,지하,B1,지상,1,M
1813326,종로3가,5호선,534,내부,"광화문 방면8-4, 을지로4가 방면1-1",지하,B4,지하,B5,M
1310388,마곡,5호선,514,내부,송정 방면4-4,지하,B1,지하,B2,M
1310389,마곡,5호선,514,내부,발산 방면5-1,지하,B1,지하,B2,M
1310390,마곡,5호선,514,1,1번 출입구,지하,B1,지상,1,M
1310391,마곡,5호선,514,"6,7","6,7번 출입구 사이",지하,B1,지상,1,M
1310398,발산,5호선,515,내부,마곡방면 5-1,지하,B1,지하,B2,M
1567615,신길,5호선,525,내부,여의도 방면4-2,지하,B4,지하,B3,M
1567763,신길,5호선,525,내부,여의도 방면1-1,지하,B4,지하,B3,M
1620239,광화문,5호선,533,내부,"서대문 방면1-1,종로3가 방면8-4",지하,B2,지하,B4,M
1620240,마장,5호선,541,2,2번 출입구,지하,B2,지상,1,M
1620249,상일동,5호선,553,1,"1,2번 출입구 사이",지하,B2,지상,1,M
1620250,상일동,5호선,553,3,"3,4번 출입구 사이",지하,B2,지상,1,M
1620324,미사,5호선,555,내부,강일 방면5-1,지하,B2,지하,B1,M
1620325,미사,5호선,555,내부,하남풍산 방면5-1,지하,B2,지하,B1,M
1620326,미사,5호선,555,1,1번 출입구,지하,B1,지상,1,M
1620327,미사,5호선,555,6,6번 출입구,지하,B1,지상,1,M
1620328,하남풍산,5호선,556,내부,미사 방면4-4,지하,B2,지하,B1,M
1620329,하남풍산,5호선,556,내부,하남시청 방면5-1,지하,B2,지하,B1,M
1620330,하남풍산,5호선,556,1,1번 출입구,지상,1,지상,2,M
1620331,하남풍산,5호선,556,5,5번 출입구,지하,B1,지상,1,M
1620332,하남풍산,5호선,556,7,7번 출입구,지하,B1,지상,1,M
1774150,하남시청,5호선,557,내부,하남풍산 방면5-1,지하,B3,지하,B2,M
1774151,하남시청,5호선,557,내부,하남검단산 방면5-1,지하,B3,지하,B2,M
1774152,하남시청,5호선,557,3,3번 출입구,지하,B2,지상,1,M
1774153,하남시청,5호선,557,5,"5,6번 출입구 사이",지하,B2,지상,1,I
1774154,하남검단산,5호선,558,내부,하남시청 방면4-3,지하,B3,지하,B1,I
1774155,하남검단산,5호선,558,내부,하남검단산 방면5-3,지하,B3,지하,B1,I
1774156,하남검단산,5호선,558,1,"1,2번 출입구 사이",지하,B1,지상,1,M
1774157,하남검단산,5호선,558,3,4번 출입구,지하,B1,지상,1,M
1774158,강일,5호선,554,내부,상일동 방면1-2,지하,B3,지하,B2,M
1774159,강일,5호선,554,내부,미사 방면8-3,지하,B3,지하,B2,M
1774160,강일,5호선,554,내부,상일동 방면8-3,지하,B3,지하,B1,M
1774161,강일,5호선,554,내부,미사 방면1-2,지하,B3,지하,B1,M
1774162,강일,5호선,554,1,1번 출입구,지하,B2,지상,1,M
1774164,강일,5호선,554,3,3번 출입구,지하,B2,지상,1,M
1774165,강일,5호선,554,4,4번 출입구,지하,B2,지상,1,M
1777972,영등포시장,5호선,524,2,2번 출입구,지하,B1,지상,1,M
1310399,발산,5호선,515,내부,우장산 방면4-3,지하,B1,지하,B2,M
1310400,발산,5호선,515,7,7번 출입구,지하,B1,지상,1,M
1310401,우장산,5호선,516,내부,발산 방면4-2,지하,B1,지하,B2,M
1310402,우장산,5호선,516,내부,화곡 방면5-3,지하,B1,지하,B2,M
1310403,우장산,5호선,516,1,1번 출입구,지하,B1,지상,1,M
1310414,까치산,5호선,518,내부,"대합실(1,2,3,4번 출입구 화장실 방향)",지하,B1,지하,B4,M
1310430,신정,5호선,519,내부,까치산 방면8-1,지하,B2,지하,B3,I
1310431,신정,5호선,519,내부,목동 방면1-4,지하,B2,지하,B3,I
1310442,목동,5호선,520,내부,신정 방면5-1,지하,B1,지하,B2,M
1310443,목동,5호선,520,내부,오목교 방면4-4,지하,B1,지하,B2,M
1310444,목동,5호선,520,5,5번 출입구,지하,B1,지상,1,M
1310447,오목교,5호선,521,내부,목동 방면7-1,지하,B1,지하,B3,M
1310448,오목교,5호선,521,내부,양평 방면2-4,지하,B1,지하,B3,M
1310449,오목교,5호선,521,7,7번 출입구,지하,B1,지상,1,S
1310471,영등포구청,5호선,523,"6,7","6,7번 출입구 사이(공영주차장입구)",지하,B5,지상,1,M
1310472,영등포구청,5호선,523,내부,영등포시장 방면5-4,지하,B4,지하,B5,M
1310473,영등포구청,5호선,523,내부,양평 방면8-4,지하,B4,지하,B5,M
1310490,영등포시장,5호선,524,내부,영등포구청 방면4-3,지하,B5,지하,B6,M
1310491,영등포시장,5호선,524,내부,신길 방면5-2,지하,B1,지하,B6,M
1310499,신길,5호선,525,내부,영등포시장 방면5-3,지하,B4,지하,B3,M
1310500,신길,5호선,525,3,3번 출입구,지하,B2,지상,1,M
1310501,신길,5호선,525,내부,영등포시장 방면8-4,지하,B4,지하,B3,M
1310502,신길,5호선,525,내부,환승통로(경사형),지하,B3,지하,B1,M
1310514,여의도,5호선,526,내부,신길 방면6-4,지하,B1,지하,B4,M
1310515,여의도,5호선,526,내부,여의나루 방면6-4,지하,B1,지하,B4,M
1310520,여의나루,5호선,527,내부,"여의도 방면6-2, 마포 방면3-3",지하,B1,지하,B5,M
1310521,여의나루,5호선,527,내부,대합실(경사형),지하,BM1,지하,B1,M
1310522,여의나루,5호선,527,4,4번 출입구,지하,BM1,지상,1,M
1310534,마포,5호선,528,내부,"여의나루 방면5-1, 공덕 방면4-4",지하,B1,지하,B5,M
1310535,마포,5호선,528,2,2번 출입구,지하,B1,지상,1,M
1310559,애오개,5호선,530,내부,공덕 방면4-4,지하,B3,지하,B4,M
1310560,애오개,5호선,530,내부,충정로 방면5-1,지하,B3,지하,B4,M
1310561,애오개,5호선,530,내부,대합실,지하,B1,지하,B3,M
1310562,애오개,5호선,530,2,2번 출입구,지하,B1,지상,1,M
1310563,애오개,5호선,530,3,3번 출입구,지하,B1,지상,1,M
1310570,충정로,5호선,531,내부,"애오개 방면3-3, 서대문 방면6-2",지하,B5,지하,B1,M
1310571,충정로,5호선,531,8,8번 출입구,지하,B1,지상,1,M
1310576,서대문,5호선,532,내부,"충정로 방면3-2, 광화문 방면6-3",지하,B1,지하,B4,M
1310577,서대문,5호선,532,2,2번 출입구,지하,B1,지상,1,M
1310578,서대문,5호선,532,6,"5,6번 출입구 사이",지하,BM1,지상,1,M
1310588,광화문,5호선,533,1,"서대문 방면1-1, 종로3가 방면8-4",지하,B2,지상,1,M
1310597,종로3가,5호선,534,내부,환승통로(광화문 방면8-4 을지로4가 방면1-1),지하,B1,지하,B4,S
1310609,을지로4가,5호선,535,내부,"동대문역사문화공원방면 1-1,종로3가방면 10-4",지하,B1,지하,B5,M
1310621,동대문역사문화공원,5호선,536,내부,"대합실(6,7번 출입구 사이)",지하,B1,지하,B4,M
1310622,동대문역사문화공원,5호선,536,내부,"청구방면 1-1,을지로4가 방면10-4",지하,B1,지하,B5,M
1310630,신금호,5호선,538,내부,"청구 방면1-2, 행당 방면8-3",지하,B2,지하,B8,M
1310631,신금호,5호선,538,내부,"청구 방면1-2, 행당 방면8-3",지하,B2,지하,B8,M
1310632,신금호,5호선,538,3,고객안전실 측,지하,B2,지상,1,M
1310637,행당,5호선,539,내부,신금호 방면4-4,지하,B5,지하,B3,M
1310638,행당,5호선,539,내부,왕십리 방면5-1,지하,B4,지하,B5,M
1310639,행당,5호선,539,3,3번 출입구,지하,B3,지상,1,M
1310648,왕십리,5호선,540,4,4번 출입구,지하,B4,지상,1,M
1310649,왕십리,5호선,540,내부,행당 방면3-3,지하,B4,지하,B5,M
1310650,왕십리,5호선,540,내부,마장 방면6-2,지하,B4,지하,B5,M
1310659,마장,5호선,541,내부,왕십리 방면4-4,지하,B2,지하,B3,M
1310660,마장,5호선,541,내부,답십리 방면5-1,지하,B2,지하,B3,M
1781128,창신,6호선,637,2,2번 출입구,지하,B1,지상,1,M
1781129,상수,6호선,623,내부,대합실,지하,B2,지하,B1,M
1311214,돌곶이,6호선,643,내부,상월곡 방면4-4,지하,B1,지하,B2,M
1311215,돌곶이,6호선,643,내부,석계 방면4-4,지하,B1,지하,B2,M
1311216,돌곶이,6호선,643,3,3번 출입구,지하,B1,지상,1,M
1811871,화랑대,6호선,646,3,3번 출입구,지하,B1,지상,1,M
1310832,응암,6호선,610,내부,"역촌 방면5-2, 새절 방면4-2",지하,B1,지하,B2,M
1310833,응암,6호선,610,4,4번 출입구,지하,B1,지상,1,M
1310838,역촌,6호선,611,내부,불광 방면4-2,지하,B1,지하,B4,M
1310839,역촌,6호선,611,4,4번 출입구,지하,B1,지상,1,M
1310846,불광,6호선,612,내부,독바위 방면5-2,지하,B1,지하,B4,M
1813588,상월곡,6호선,642,내부,돌곶이 방면8-4,지하,B2,지하,B3,M
1310847,불광,6호선,612,내부,독바위 방면4-1,지하,B1,지하,B4,M
1813590,상월곡,6호선,642,내부,월곡 방면1-4,지하,B2,지하,B3,M
1310848,불광,6호선,612,8,8번 출입구,지하,B1,지상,1,M
1310863,독바위,6호선,613,내부,연신내 방면3-2,지하,B1,지하,B6,M
1310864,독바위,6호선,613,1,1번 출입구,지하,B1,지상,1,M
1310873,연신내,6호선,614,내부,구산 방면6-2,지하,B1,지하,B5,M
1310874,연신내,6호선,614,6,6번 출입구,지하,B1,지상,1,M
1310881,구산,6호선,615,4,4번 출입구,지하,B1,지상,1,M
1804618,새절,6호선,616,응암 방면1-1,응암 방면1-1,지하,B2,지하,B1,M
1310885,새절,6호선,616,내부,응암 방면4-4,지하,B1,지하,B2,M
1804620,봉화산,6호선,647,신내 방면8-3,신내 방면8-3,지하,B2,지하,B1,M
1310886,새절,6호선,616,1,1번 출입구,지하,B1,지상,1,M
1804622,봉화산,6호선,647,4,화랑대 방면1-2,지하,B2,지하,B1,M
1310892,증산,6호선,617,내부,새절 방면5-1,지하,B1,지하,B2,M
1310893,증산,6호선,617,내부,디지털미디어시티 방면4-3,지하,B1,지하,B2,M
1310901,디지털미디어시티,6호선,618,내부,증산 방면1-1,지하,B1,지하,B2,M
1310902,디지털미디어시티,6호선,618,내부,월드컵경기장 방면8-4,지하,B1,지하,B2,M
1310903,디지털미디어시티,6호선,618,4,4번 출입구,지하,B1,지상,1,M
1829077,증산,6호선,617,2번 출입구,2번 출입구,지하,B1,지상,1,M
1310915,월드컵경기장,6호선,619,내부,디지털미디어시티 방면4-4,지하,B2,지하,B3,M
1310916,월드컵경기장,6호선,619,내부,마포구청 방면4-4,지하,B2,지하,B3,M
1310917,월드컵경기장,6호선,619,2,2번 출입구,지하,B2,지상,1,M
1310930,마포구청,6호선,620,내부,월드컵경기장 방면1-1,지하,B2,지하,B3,M
1821999,구산,6호선,615,내부,응암 방면5-4,지하,B1,지하,B4,M
1310931,마포구청,6호선,620,내부,망원 방면8-4,지하,B2,지하,B3,M
1310932,마포구청,6호선,620,8,8번 출입구,지하,B2,지상,1,M
1310933,마포구청,6호선,620,2,2번 출입구,지하,B2,지상,1,M
1310950,망원,6호선,621,내부,마포구청 방면5-1,지하,B1,지하,B2,M
1310951,망원,6호선,621,2,합정 방면5-2,지하,B2,지상,1,M
1310954,합정,6호선,622,내부,망원 방면4-2,지하,B1,지하,B4,M
1310955,합정,6호선,622,내부,상수 방면5-1,지하,B3,지하,B4,M
1310956,합정,6호선,622,6,6번 출입구,지하,B1,지상,1,M
1310970,상수,6호선,623,내부,"합정 방면4-4, 광흥창 방면5-1",지하,B2,지하,B3,M
1821940,대흥,6호선,625,3,3번 출구,지하,B2,지상,1,M
1310983,광흥창,6호선,624,1,1번 출입구,지하,B2,지상,1,M
1310984,광흥창,6호선,624,내부,"상수 방면1-2, 대흥 방면8-3",지하,B2,지하,B3,M
1310985,광흥창,6호선,624,4,4번 출입구,지하,B1,지상,1,M
1310996,대흥,6호선,625,내부,"광흥창 방면4-4, 공덕 방면5-1",지하,B2,지하,B3,M
1310997,대흥,6호선,625,내부,대합실,지하,B1,지하,B2,M
1311004,공덕,6호선,626,내부,대흥 방면4-4,지하,B1,지하,B2,M
1311005,공덕,6호선,626,내부,효창공원 방면4-4,지하,B1,지하,B2,M
1311006,공덕,6호선,626,5,5번 출입구,지하,B1,지상,1,M
1311007,공덕,6호선,626,내부,대흥 방면1-1,지하,B2,지하,B3,M
1311008,공덕,6호선,626,내부,효창공원앞 방면8-4,지하,B2,지하,B3,M
1311018,효창공원앞,6호선,627,내부,"공덕 방면5-3, 삼각지 방면4-2",지하,B2,지하,B3,M
1311019,효창공원앞,6호선,627,내부,대합실,지하,B1,지하,B2,M
1311028,삼각지,6호선,628,내부,"효창공원앞 방면1-1,녹사평 방면8-4",지하,B3,지하,B4,M
1311029,삼각지,6호선,628,내부,"녹사평 방면1-1, 효창공원앞 방면8-4",지하,B3,지하,B4,M
1311030,삼각지,6호선,628,8,8번 출입구,지하,B3,지상,1,M
1311031,삼각지,6호선,628,12,12번 출입구,지하,B3,지상,1,M
1311032,삼각지,6호선,628,내부,"환승통로(효창공원앞 방면6-1,녹사평 방면4-4)",지하,B3,지하,B4,M
1311048,녹사평,6호선,629,내부,"삼각지 방면4-3, 이태원 방면5-1",지하,B4,지하,B5,M
1311049,녹사평,6호선,629,내부,대합실,지하,B2,지하,B4,M
1311050,녹사평,6호선,629,3,3번 출입구,지하,B2,지상,1,M
1311064,이태원,6호선,630,내부,"녹사평 방면3-1, 한강진 방면6-3",지하,B1,지하,B5,I
1311065,이태원,6호선,630,2,2번 출입구,지하,B1,지상,1,I
1311070,한강진,6호선,631,내부,이태원 방면5-2,지하,B3,지하,B4,M
1311071,한강진,6호선,631,내부,버티고개 방면4-2,지하,B1,지하,B4,M
1311072,한강진,6호선,631,3,3번 출입구,지하,B1,지상,1,M
1311077,버티고개,6호선,632,내부,대합실(경사형),지하,B3,지하,B4,M
1311078,버티고개,6호선,632,내부,대합실,지하,B3,지하,B4,M
1311079,버티고개,6호선,632,내부,한강진 방면4-2,지하,B2,지하,B3,M
1311080,버티고개,6호선,632,내부,약수 방면5-3,지하,B1,지하,B2,M
1311081,버티고개,6호선,632,2,2번 출입구,지하,B1,지상,1,M
1311086,약수,6호선,633,내부,버티고개 방면5-1,지하,B2,지하,B3,M
1311087,약수,6호선,633,내부,청구 방면4-4,지하,B2,지하,B3,M
1311088,약수,6호선,633,내부,버티고개 방면6-1,지하,B3,지하,B1,M
1311089,약수,6호선,633,내부,환승통로,지하,B1,지하,B2,M
1311101,청구,6호선,634,내부,"신금호 방면5-3, 동대문역사문화공원 방면4-1",지하,B3,지하,B4,M
1311102,청구,6호선,634,내부,약수 방면6-2,지하,B3,지하,B1,M
1311103,청구,6호선,634,내부,신당 방면6-2,지하,B3,지하,B1,M
1311104,청구,6호선,634,3,3번 출입구,지하,B1,지상,1,M
1311105,청구,6호선,634,1,1번 출입구,지하,B1,지상,1,M
1311116,신당,6호선,635,내부,"청구 방면5-3, 동묘앞 방면4-2",지하,B1,지하,B3,M
1311138,동묘앞,6호선,636,내부,"신당 방면3-3, 창신 방면6-2",지하,B2,지하,B3,M
1311139,동묘앞,6호선,636,내부,"신당 방면8-4, 창신 방면1-1",지하,B2,지하,B3,M
1311154,창신,6호선,637,내부,"동묘앞 방면4-2, 보문 방면5-3",지하,B1,지하,B4,M
1311155,창신,6호선,637,"3,4","3,4번 출입구 사이",지하,B1,지상,1,M
1311159,보문,6호선,638,내부,"창신 방면4-4 , 안암 방면5-1",지하,B2,지하,B3,M
1311164,안암,6호선,639,내부,보문 방면5-2,지하,B2,지하,B3,M
1311165,안암,6호선,639,내부,고려대 방면4-3,지하,B2,지하,B3,M
1311166,안암,6호선,639,1,1번 출입구,지하,B2,지상,1,M
1311173,고려대,6호선,640,내부,안암 방면6-2,지하,B1,지하,B4,M
1311174,고려대,6호선,640,내부,월곡 방면3-2,지하,B1,지하,B4,M
1311175,고려대,6호선,640,1,1번 출입구,지하,B1,지상,1,M
1311176,고려대,6호선,640,"3,4","3,4번 출입구 사이",지하,B1,지상,1,M
1620259,상수,6호선,623,3,3번 출입구,지하,B1,지상,1,M
1311189,월곡,6호선,641,내부,고려대 방면4-4,지하,B2,지하,B3,M
1620262,신내,6호선,648,내부,"신내, 봉화산 방면8-3",지상,1,지상,2,M
1311190,월곡,6호선,641,내부,상월곡 방면4-4,지하,B2,지하,B3,M
1311191,월곡,6호선,641,"1,5","1,5번 출입구 사이",지하,B2,지상,1,M
1311205,상월곡,6호선,642,4,4번 출입구,지하,B2,지상,1,M
1311221,석계,6호선,644,내부,돌곶이 방면3-3,지하,B2,지하,B3,M
1311222,석계,6호선,644,내부,태릉입구 방면6-2,지하,B2,지하,B3,M
1311223,석계,6호선,644,1,1번 출입구,지하,B2,지상,1,M
1311224,석계,6호선,644,4,4번 출입구,지하,B2,지상,1,S
1311243,태릉입구,6호선,645,내부,석계 방면5-3,지하,B1,지하,B2,M
1311244,태릉입구,6호선,645,내부,화랑대 방면3-4,지하,B1,지하,B2,M
1311245,태릉입구,6호선,645,8,8번 출입구,지하,B1,지상,1,M
1311246,태릉입구,6호선,645,6,6번 출입구,지하,B1,지상,1,M
1311262,화랑대,6호선,646,내부,태릉입구 방면5-4,지하,B1,지하,B2,M
1311263,화랑대,6호선,646,내부,봉화산 방면4-1,지하,B1,지하,B2,M
1311264,화랑대,6호선,646,1,1번 출입구,지하,B1,지상,1,M
1311265,화랑대,6호선,646,7,7번 출입구,지하,B1,지상,1,M
1311270,봉화산,6호선,647,2,2번 출입구,지하,B1,지상,1,M
1311271,봉화산,6호선,647,4,4번 출입구,지하,B1,지상,1,M
1496597,건대입구,7호선,727,내부,어린이대공원 방면5-4,지하,B2,지하,B3,M
1496599,건대입구,7호선,727,내부,자양방면 4-1,지하,B2,지하,B3,M
1311609,숭실대입구,7호선,738,내부,남성 방면6-1,지하,B2,지하,B6,I
1311753,천왕,7호선,749,2,2번 출입구,지하,B1,지상,1,M
1781126,남성,7호선,737,2,2번 출입구,지하,B2,지상,1,I
1781141,노원,7호선,713,5,5번 출입구,지하,B1,지상,1,I
1805711,수락산,7호선,711,내부,도봉산 방면1-1,지하,B3,지하,B2,M
1805713,수락산,7호선,711,내부,마들 방면8-2,지하,B3,지하,B2,M
1805468,광명사거리,7호선,748,철산 방면1-1,철산 방면1-1,지하,B3,지하,B2,M
1311291,마들,7호선,712,내부,"수락산 방면8-4, 노원 방면1-1",지하,B1,지하,B3,M
1311292,마들,7호선,712,5,5번 출입구,지하,B1,지상,1,M
1311293,마들,7호선,712,4,4번 출입구,지하,B1,지상,1,M
1311294,마들,7호선,712,2,2번 출입구,지하,B1,지상,1,M
1311302,노원,7호선,713,내부,"마들 방면4-4, 중계 방면4-3",지하,B3,지하,B1,M
1311304,노원,7호선,713,6,6번 출입구,지하,B1,지상,1,M
1311320,중계,7호선,714,내부,"노원 방면5-1, 하계 방면4-4",지하,B2,지하,B3,M
1311321,중계,7호선,714,5,5번 출입구,지하,B2,지상,1,M
1311322,중계,7호선,714,3,3번 출입구,지하,B2,지상,1,M
1311327,하계,7호선,715,6,6번 출입구,지하,B1,지상,1,M
1311328,하계,7호선,715,내부,"중계 방면4-4, 공릉 방면5-1",지하,B3,지하,B1,M
1311329,하계,7호선,715,1,1번 출입구,지하,B1,지상,1,M
1804644,태릉입구,7호선,717,2,2번 출입구,지하,B4,지상,1,M
1311334,공릉,7호선,716,내부,하계 방면7-3,지하,B2,지하,B4,M
1311335,공릉,7호선,716,내부,태릉입구 방면2-2,지하,B1,지하,B4,M
1311336,공릉,7호선,716,2,2번 출입구,지하,B1,지상,1,M
1311343,태릉입구,7호선,717,내부,공릉 방면6-4,지하,B4,지하,B1,M
1311351,먹골,7호선,718,내부,태릉입구 방면4-4,지하,B2,지하,B3,I
1311352,먹골,7호선,718,내부,중화 방면5-1,지하,B2,지하,B3,I
1311438,자양,7호선,728,1,1번 출입구,지상,1,지상,2,M
1311439,자양,7호선,728,내부,건대입구 방면1-4,지상,2,지상,3,M
1311440,자양,7호선,728,내부,청담 방면7-4,지상,2,지상,3,M
1822397,청담,7호선,729,내부,장암 방면7-4,지하,B3,지하,B4,M
1311445,청담,7호선,729,5,5번 출입구,지하,B3,지상,1,M
1822399,청담,7호선,729,내부,석남 방면2-1,지하,B3,지하,B4,M
1311446,청담,7호선,729,10,10번 출입구,지하,B3,지상,1,M
1311465,강남구청,7호선,730,내부,청담 방면1-1,지하,B2,지하,B3,M
1311466,강남구청,7호선,730,내부,학동 방면8-4,지하,B2,지하,B3,M
1311475,학동,7호선,731,내부,강남구청 방면4-4,지하,B2,지하,B3,M
1311476,학동,7호선,731,내부,논현 방면5-1,지하,B2,지하,B3,M
1311477,학동,7호선,731,3,3번 출입구,지하,B2,지상,1,M
1311488,논현,7호선,732,내부,학동 방면7-4,지하,B2,지하,B3,M
1311717,가산디지털단지,7호선,746,내부,남구로 방면5-4,지하,B2,지하,B4,M
1311718,가산디지털단지,7호선,746,내부,철산 방면4-1,지하,B2,지하,B4,M
1311719,가산디지털단지,7호선,746,내부,대합실,지하,B1,지하,B2,M
1311720,가산디지털단지,7호선,746,6,9번 출입구,지하,B1,지상,1,M
1311303,노원,7호선,713,3,3번 출입구,지하,B1,지상,1,M
1311737,철산,7호선,747,내부,가산디지털단지 방면5-1,지하,B1,지하,B2,M
1311738,철산,7호선,747,내부,광명사거리 방면4-4,지하,B1,지하,B2,M
1311739,철산,7호선,747,1,1번 출입구,지하,B1,지상,1,M
1311740,철산,7호선,747,4,4번 출입구,지하,B1,지상,1,M
1311747,광명사거리,7호선,748,내부,천왕 방면2-1,지하,B2,지하,B3,M
1311748,광명사거리,7호선,748,2,2번 출입구,지하,B2,지상,1,M
1311750,천왕,7호선,749,내부,광명사거리 방면5-1,지하,B1,지하,B2,M
1311751,천왕,7호선,749,내부,온수 방면4-4,지하,B1,지하,B2,M
1311752,천왕,7호선,749,3,3번 출입구,지하,B1,지상,1,M
1311760,온수,7호선,750,내부,천왕 방면4-4,지하,B1,지하,B2,M
1311761,온수,7호선,750,내부,까치울 방면5-1,지하,B1,지하,B2,M
1311762,온수,7호선,750,2,2번 출입구,지하,B1,지상,1,M
1620269,도봉산,7호선,710,1-1,1-1번 출입구,지하,B1,지상,1,M
1620273,숭실대입구,7호선,738,3,3번 출입구,지하,B2,지상,1,M
1311278,장암,7호선,709,1,1번 출입구,지상,1,지상,2,M
1311279,장암,7호선,709,1,1번 출입구,지상,1,지상,2,M
1311280,도봉산,7호선,710,2,장암 방면7-2,지상,1,지상,2,M
1311281,도봉산,7호선,710,2,수락산 방면1-4,지상,1,지상,2,M
1311282,도봉산,7호선,710,내부,장암 방면3-4,지상,1,지상,2,M
1311283,도봉산,7호선,710,내부,수락산 방면4-2,지상,1,지상,2,M
1311284,수락산,7호선,711,1,1번 출입구,지하,B2,지상,1,M
1311353,먹골,7호선,718,2,2번 출입구,지하,B2,지상,1,I
1311358,중화,7호선,719,내부,먹골 방면4-4,지하,B1,지하,B3,M
1311359,중화,7호선,719,내부,상봉 방면5-1,지하,B2,지하,B3,M
1311360,중화,7호선,719,3,3번 출입구,지하,B1,지상,1,M
1311361,상봉,7호선,720,내부,중화 방면3-2,지하,B3,지하,B1,M
1311362,상봉,7호선,720,내부,면목 방면6-2,지하,B3,지하,B1,M
1311363,상봉,7호선,720,내부,중화 방면4-2,지하,B2,지하,B3,M
1311364,상봉,7호선,720,내부,면목 방면5-1,지하,B2,지하,B3,M
1311365,상봉,7호선,720,3,3번 출입구,지하,B1,지상,1,M
1311372,면목,7호선,721,내부,상봉 방면4-4,지하,B1,지하,B4,M
1311373,면목,7호선,721,내부,사가정 방면5-2,지하,B3,지하,B4,M
1311374,면목,7호선,721,3,3번 출입구,지하,B1,지상,1,M
1311381,사가정,7호선,722,내부,면목 방면3-3,지하,B3,지하,B4,M
1311382,사가정,7호선,722,내부,용마산 방면6-2,지하,B1,지하,B4,M
1311383,사가정,7호선,722,3,3번 출입구,지하,B1,지상,1,M
1311394,용마산,7호선,723,내부,사가정 방면3-3,지하,B3,지하,B4,M
1311395,용마산,7호선,723,내부,중곡 방면6-1,지하,B1,지하,B4,M
1311396,용마산,7호선,723,1,1번 출입구,지하,B1,지상,2,M
1311405,중곡,7호선,724,내부,용마산 방면4-4,지하,B2,지하,B3,M
1311406,중곡,7호선,724,내부,군자 방면5-1,지하,B2,지하,B3,M
1311407,중곡,7호선,724,1,1번 출입구,지하,B2,지상,1,M
1311410,군자,7호선,725,7,7번 출입구,지하,B1,지상,1,M
1311411,어린이대공원,7호선,726,내부,군자 방면3-3,지하,B3,지하,B1,M
1311412,어린이대공원,7호선,726,내부,건대입구 방면6-2,지하,B3,지하,B1,M
1311413,어린이대공원,7호선,726,1,1번 출입구,지하,B1,지상,1,M
1311414,어린이대공원,7호선,726,5,5번 출입구,지하,B1,지상,1,M
1311489,논현,7호선,732,내부,반포 방면2-1,지하,B2,지하,B3,M
1311490,논현,7호선,732,8,10번 출입구,지하,B2,지상,1,M
1311511,반포,7호선,733,내부,논현 방면5-1,지하,B2,지하,B3,M
1311512,반포,7호선,733,내부,고속터미널(7) 방면4-4,지하,B2,지하,B3,M
1311513,반포,7호선,733,6,6번 출입구,지하,B2,지상,1,M
1311514,반포,7호선,733,1,1번 출입구,지하,B2,지상,1,M
1311522,고속터미널,7호선,734,내부,반포 방면3-3,지하,B3,지하,B2,M
1311523,고속터미널,7호선,734,내부,내방 방면6-2,지하,B3,지하,B2,M
1311549,내방,7호선,735,내부,고속터미널(7) 방면 5-2,지하,B2,지하,B3,M
1311550,내방,7호선,735,내부,이수(7) 방면 4-2,지하,B2,지하,B3,M
1311551,내방,7호선,735,내부,고객안전실 측,지하,B1,지하,B2,M
1311552,내방,7호선,735,3,3번 출입구,지하,B1,지상,1,M
1311553,내방,7호선,735,5,5번 출입구,지하,B1,지상,1,M
1311564,이수,7호선,736,내부,내방 방면4-2,지하,B3,지하,B4,M
1311565,이수,7호선,736,내부,남성 방면5-3,지하,B3,지하,B4,M
1311566,이수,7호선,736,11,11번 출입구,지하,B3,지상,1,M
1311596,남성,7호선,737,내부,이수(7) 방면6-2,지하,B2,지하,B3,M
1311597,남성,7호선,737,내부,숭실대입구 방면3-3,지하,B2,지하,B3,M
1311598,남성,7호선,737,3,3번 출입구,지하,B2,지상,1,M
1311610,숭실대입구,7호선,738,내부,상도 방면3-3,지하,B2,지하,B6,I
1311611,숭실대입구,7호선,738,2,2번 출입구,지하,B2,지상,1,M
1311622,상도,7호선,739,내부,숭실대입구 방면4-4,지하,B2,지하,B3,M
1311623,상도,7호선,739,내부,장승배기 방면4-4,지하,B2,지하,B3,M
1311624,상도,7호선,739,5,5번 출입구,지하,B2,지상,1,M
1311636,장승배기,7호선,740,내부,상도 방면4-4,지하,B2,지하,B3,M
1311637,장승배기,7호선,740,내부,신대방삼거리 방면4-4,지하,B2,지하,B3,M
1311638,장승배기,7호선,740,2,2번 출입구,지하,B2,지상,1,M
1311649,신대방삼거리,7호선,741,내부,장승배기 방면4-4,지하,B2,지하,B3,M
1311650,신대방삼거리,7호선,741,내부,보라매 방면4-4,지하,B2,지하,B3,M
1311651,신대방삼거리,7호선,741,내부,고객안전실 측,지하,B1,지하,B2,M
1311652,신대방삼거리,7호선,741,3,3번 출입구,지하,B1,지상,1,M
1311665,보라매,7호선,742,내부,"신풍 방면5-1, 신대방삼거리 방면4-4",지하,B1,지하,B2,M
1311666,보라매,7호선,742,6,6번 출입구,지하,B1,지상,1,M
1311671,신풍,7호선,743,내부,보라매 방면5-4,지하,B1,지하,B2,M
1311672,신풍,7호선,743,내부,대림(7) 방면4-1,지하,B1,지하,B2,M
1311673,신풍,7호선,743,4,4번 출입구,지하,B1,지상,1,M
1311674,신풍,7호선,743,5,5번 출입구,지하,B1,지상,1,M
1311679,대림,7호선,744,내부,신풍 방면5-1,지하,B1,지하,B2,M
1311680,대림,7호선,744,내부,남구로 방면4-4,지하,B1,지하,B2,M
1311681,대림,7호선,744,10,10번 출입구,지하,B1,지상,1,M
1312048,남한산성입구,8호선,823,"3,4",단대오거리 방면4-1,지하,B3,지상,1,M
1312055,단대오거리,8호선,824,내부,남한산성입구 방면2-4,지하,B3,지하,B1,M
1311988,석촌,8호선,815,1,1번 출입구,지하,B1,지상,1,M
1312056,단대오거리,8호선,824,내부,신흥 방면5-1,지하,B3,지하,B1,M
1311991,송파,8호선,816,1,"1,2번 출입구 사이",지하,B1,지상,1,I
1312057,단대오거리,8호선,824,4,4번 출입구,지하,B1,지상,1,M
1312062,신흥,8호선,825,내부,단대오거리 방면4-1,지하,B2,지하,B1,M
1312063,신흥,8호선,825,내부,수진 방면3-4,지하,B2,지하,B1,M
1311989,송파,8호선,816,내부,"가락시장 방면 3-4,4-1 사이",지하,B2,지하,B1,M
1312064,수진,8호선,826,내부,신흥 방면3-4,지하,B2,지하,B1,M
1311990,송파,8호선,816,내부,석촌 방면3-4,지하,B2,지하,B1,M
1312065,수진,8호선,826,내부,모란 방면4-1,지하,B2,지하,B1,M
1781127,송파,8호선,816,내부,4번 출입구,지하,B1,지상,1,I
1312067,모란,8호선,827,내부,수진 방면5-2,지하,B3,지하,B1,M
1312068,모란,8호선,827,내부,모란 방면2-3,지하,B3,지하,B2,M
1312069,모란,8호선,827,11,11번 출입구,지하,B1,지상,1,M
1775064,남위례,8호선,821,1,대합실(1번 출입구),지상,1,지상,2,M
1775065,남위례,8호선,821,5,5번 출입구,지상,1,지상,4,M
1775066,남위례,8호선,821,내부,산성 방면3-4,지상,2,지상,3,M
1813096,암사역사공원,8호선,809,1,1번 출입구,지하,B1,지상,1,M
1813094,암사역사공원,8호선,809,내부,암사 방면3-4,지하,B1,지하,B2,S
1813095,암사역사공원,8호선,809,내부,장자호수공원 방면6-1,지하,B1,지하,B2,M
1813097,암사역사공원,8호선,809,3,3번 출입구,지하,B1,지상,1,M
1825449,복정,8호선,820,1,1번 출입구,지하,B1,지상,1,M
1824637,산성,8호선,822,내부,E/S 11호기 옆,지하,B2,지하,B1,M
1311942,암사,8호선,810,내부,암사역사공원 방면3-4,지하,B2,지하,B1,M
1311943,암사,8호선,810,내부,천호 방면4-1,지하,B2,지하,B1,M
1311944,암사,8호선,810,3,"3,4번 출입구 사이",지하,B1,지상,1,M
1311949,천호,8호선,811,내부,암사 방면2-2,지하,B2,지하,B1,M
1311950,천호,8호선,811,내부,강동구청 방면5-4,지하,B2,지하,B1,M
1311955,강동구청,8호선,812,내부,천호 방면4-2,지하,B3,지하,B2,M
1311956,강동구청,8호선,812,내부,"몽촌토성 방면 3-2,3-3 사이",지하,B3,지하,B2,M
1311957,강동구청,8호선,812,4,4번 출입구,지하,B2,지상,1,M
1311963,몽촌토성,8호선,813,내부,강동구청 방면3-4,지하,B3,지하,B2,M
1311964,몽촌토성,8호선,813,내부,잠실 방면3-4,지하,B3,지하,B2,M
1311965,몽촌토성,8호선,813,내부,대합실,지하,B2,지하,B1,M
1311966,몽촌토성,8호선,813,4,"대합실(B1, 4번 출입구 화장실 앞)",지하,B1,지상,1,M
1311975,잠실,8호선,814,내부,몽촌토성 방면2-3,지하,B3,지하,B1,M
1311976,잠실,8호선,814,내부,석촌 방면5-2,지하,B3,지하,B1,M
1311977,잠실,8호선,814,9,9번 출입구,지하,B1,지상,1,M
1311992,가락시장,8호선,817,내부,송파 방면5-4,지하,B2,지하,B1,M
1311993,가락시장,8호선,817,내부,문정 방면2-3,지하,B2,지하,B1,M
1620277,수진,8호선,826,3,3번 출입구,지하,B1,지상,1,M
1790210,문정,8호선,818,4,4번 출입구,지하,B1,지상,1,M
1311986,석촌,8호선,815,내부,암사 방면3-4,지하,B2,지하,B1,I
1311987,석촌,8호선,815,내부,잠실 방면 3-4,지하,B2,지하,B1,M
1311994,가락시장,8호선,817,내부,암사 방면6-4,지하,B3,지하,B2,M
1311995,가락시장,8호선,817,내부,환승통로(문정 방면1-1),지하,B3,지하,B2,M
1311996,가락시장,8호선,817,"1,2","1,2번 출입구 사이",지하,B2,지상,1,M
1311997,가락시장,8호선,817,"3,4","3,4번 출입구 사이",지하,B1,지상,1,M
1312010,문정,8호선,818,내부,가락시장 방면3-4,지하,B2,지하,B1,M
1312011,문정,8호선,818,내부,장지 방면4-1,지하,B2,지하,B1,M
1312012,문정,8호선,818,2,2번 출입구,지하,B1,지상,1,M
1312015,장지,8호선,819,내부,문정 방면4-1,지하,B2,지하,B1,M
1312016,장지,8호선,819,내부,복정 방면3-4,지하,B2,지하,B1,M
1312017,장지,8호선,819,1,1번 출입구,지하,B1,지상,1,M
1312018,장지,8호선,819,3,3번 출입구,지하,B1,지상,1,M
1312025,복정,8호선,820,내부,"장지 방면3-4, 남위례 방면3-4",지하,B3,지하,B1,M
1312030,산성,8호선,822,내부,남위례 방면6-2,지하,B3,지하,B2,M
1312031,산성,8호선,822,내부,남한산성입구 방면1-3,지하,B3,지하,B2,M
1312033,산성,8호선,822,3,3번 출입구,지하,B1,지상,1,M
1312047,남한산성입구,8호선,823,내부,산성 방면3-4,지하,B2,지하,B3,M
